cell	gene	UMI	numReads
GGAGAGTTGAACCTGT	ENSG00000279457.4	GATAATGT	1
GGAGAGTTGAACCTGT	ENSG00000225972.1	noUMI	1
GGAGAGTTGAACCTGT	ENSG00000225630.1	CGAAATAC	1
GGAGAGTTGAACCTGT	ENSG00000225630.1	GATGCGTA	1
GGAGAGTTGAACCTGT	ENSG00000225630.1	ACTGCGTA	1
GGAGAGTTGAACCTGT	ENSG00000225630.1	GGATGGAA	1
GGAGAGTTGAACCTGT	ENSG00000225630.1	GCAACTTG	1
GGAGAGTTGAACCTGT	ENSG00000225630.1	GGAGTAAA	2
GGAGAGTTGAACCTGT	ENSG00000225630.1	CAGGATAT	1
GGAGAGTTGAACCTGT	ENSG00000225630.1	GGGGTATG	2
GGAGAGTTGAACCTGT	ENSG00000225630.1	TAGATACG	1
GGAGAGTTGAACCTGT	ENSG00000225630.1	GATTGGCA	1
GGAGAGTTGAACCTGT	ENSG00000225630.1	GCATCGGT	1
GGAGAGTTGAACCTGT	ENSG00000225630.1	noUMI	18
GGAGAGTTGAACCTGT	ENSG00000225630.1	ATGATGTG	1
GGAGAGTTGAACCTGT	ENSG00000225630.1	CGGGCTTA	1
GGAGAGTTGAACCTGT	ENSG00000225630.1	GAGGGATA	1
GGAGAGTTGAACCTGT	ENSG00000225630.1	CAATTCGT	1
GGAGAGTTGAACCTGT	ENSG00000225630.1	AGCTCACG	1
GGAGAGTTGAACCTGT	ENSG00000225630.1	CACAGACA	1
GGAGAGTTGAACCTGT	ENSG00000225630.1	ATCGGACA	1
GGAGAGTTGAACCTGT	ENSG00000225630.1	CAACCTAG	1
GGAGAGTTGAACCTGT	ENSG00000225630.1	AGGGCACA	1
GGAGAGTTGAACCTGT	ENSG00000225630.1	AATAGTGT	1
GGAGAGTTGAACCTGT	ENSG00000225630.1	CCATAGTC	1
GGAGAGTTGAACCTGT	ENSG00000225630.1	ATTGCATA	1
GGAGAGTTGAACCTGT	ENSG00000225630.1	TCTCCCGA	1
GGAGAGTTGAACCTGT	ENSG00000225630.1	TCGTCTGT	1
GGAGAGTTGAACCTGT	ENSG00000225630.1	AGCATTCC	1
GGAGAGTTGAACCTGT	ENSG00000225630.1	ACGTATAA	1
GGAGAGTTGAACCTGT	ENSG00000225630.1	AATGTAAT	1
GGAGAGTTGAACCTGT	ENSG00000225630.1	GCGAGTCC	1
GGAGAGTTGAACCTGT	ENSG00000225630.1	AATAGGTA	1
GGAGAGTTGAACCTGT	ENSG00000225630.1	TAGAATAT	1
GGAGAGTTGAACCTGT	ENSG00000225630.1	ATCCAGGA	2
GGAGAGTTGAACCTGT	ENSG00000225630.1	CCTAATGC	1
GGAGAGTTGAACCTGT	ENSG00000225630.1	CATACGGT	1
GGAGAGTTGAACCTGT	ENSG00000225630.1	TGGCCTTG	1
GGAGAGTTGAACCTGT	ENSG00000225630.1	AGGAAGGC	1
GGAGAGTTGAACCTGT	ENSG00000225630.1	ACATGTGC	2
GGAGAGTTGAACCTGT	ENSG00000225630.1	TCCTTGAG	1
GGAGAGTTGAACCTGT	ENSG00000225630.1	ACGTTGGA	1
GGAGAGTTGAACCTGT	ENSG00000225630.1	ATGTAAAG	1
GGAGAGTTGAACCTGT	ENSG00000225630.1	CTTACCGA	2
GGAGAGTTGAACCTGT	ENSG00000225630.1	TACTCGGT	1
GGAGAGTTGAACCTGT	ENSG00000225630.1	GGACTCTA	1
GGAGAGTTGAACCTGT	ENSG00000225630.1	GGGGGCAC	1
GGAGAGTTGAACCTGT	ENSG00000225630.1	CCATCCTA	1
GGAGAGTTGAACCTGT	ENSG00000225630.1	CTACTACG	1
GGAGAGTTGAACCTGT	ENSG00000225630.1	CGTAAGAC	1
GGAGAGTTGAACCTGT	ENSG00000225630.1	TCTACCGT	1
GGAGAGTTGAACCTGT	ENSG00000225630.1	GGAAAACT	1
GGAGAGTTGAACCTGT	ENSG00000225630.1	TTTCCGGT	1
GGAGAGTTGAACCTGT	ENSG00000225630.1	TCTGGAGT	1
GGAGAGTTGAACCTGT	ENSG00000225630.1	GGCATTGT	1
GGAGAGTTGAACCTGT	ENSG00000225630.1	TATTGTGG	1
GGAGAGTTGAACCTGT	ENSG00000225630.1	CACATGAC	1
GGAGAGTTGAACCTGT	ENSG00000225630.1	GCTGAACT	1
GGAGAGTTGAACCTGT	ENSG00000176022.7	CAGCTTGG	1
GGAGAGTTGAACCTGT	ENSG00000238260.1	CTAGACCG	1
GGAGAGTTGAACCTGT	ENSG00000171612.7	noUMI	1
GGAGAGTTGAACCTGT	ENSG00000231789.2	noUMI	1
GGAGAGTTGAACCTGT	ENSG00000231789.2	CTCAGTCG	1
GGAGAGTTGAACCTGT	ENSG00000288398.1	noUMI	3
GGAGAGTTGAACCTGT	ENSG00000261135.1	noUMI	1
GGAGAGTTGAACCTGT	ENSG00000090432.7	CACGAATT	2
GGAGAGTTGAACCTGT	ENSG00000090432.7	noUMI	7
GGAGAGTTGAACCTGT	ENSG00000179163.12	noUMI	9
GGAGAGTTGAACCTGT	ENSG00000179163.12	TGAGGGGT	2
GGAGAGTTGAACCTGT	ENSG00000175130.7	noUMI	1
GGAGAGTTGAACCTGT	ENSG00000243749.1	noUMI	1
GGAGAGTTGAACCTGT	ENSG00000236274.1	noUMI	3
GGAGAGTTGAACCTGT	ENSG00000116863.11	GGTGTCGG	3
GGAGAGTTGAACCTGT	ENSG00000116863.11	noUMI	13
GGAGAGTTGAACCTGT	ENSG00000117000.9	noUMI	10
GGAGAGTTGAACCTGT	ENSG00000259943.1	noUMI	1
GGAGAGTTGAACCTGT	ENSG00000237424.1	GATACCCG	1
GGAGAGTTGAACCTGT	ENSG00000238140.1	noUMI	1
GGAGAGTTGAACCTGT	ENSG00000066557.6	noUMI	15
GGAGAGTTGAACCTGT	ENSG00000066557.6	CTGAAATC	1
GGAGAGTTGAACCTGT	ENSG00000271992.1	noUMI	3
GGAGAGTTGAACCTGT	ENSG00000271576.1	noUMI	4
GGAGAGTTGAACCTGT	ENSG00000280099.1	noUMI	4
GGAGAGTTGAACCTGT	ENSG00000137970.7	noUMI	1
GGAGAGTTGAACCTGT	ENSG00000137970.7	GGCGCTTC	1
GGAGAGTTGAACCTGT	ENSG00000065135.12	noUMI	47
GGAGAGTTGAACCTGT	ENSG00000065135.12	CGACTGAG	2
GGAGAGTTGAACCTGT	ENSG00000065135.12	ATGAGCGT	1
GGAGAGTTGAACCTGT	ENSG00000065135.12	AACTAAAG	1
GGAGAGTTGAACCTGT	ENSG00000065135.12	CGAGTCGC	2
GGAGAGTTGAACCTGT	ENSG00000065135.12	GTCGGCGT	1
GGAGAGTTGAACCTGT	ENSG00000065135.12	TGCAAAAG	1
GGAGAGTTGAACCTGT	ENSG00000213281.5	noUMI	12
GGAGAGTTGAACCTGT	ENSG00000213281.5	GCAAATTA	1
GGAGAGTTGAACCTGT	ENSG00000213281.5	GAAGGATG	1
GGAGAGTTGAACCTGT	ENSG00000143067.5	noUMI	2
GGAGAGTTGAACCTGT	ENSG00000244371.2	AGGTGTGG	1
GGAGAGTTGAACCTGT	ENSG00000203812.2	AGCCAAAC	1
GGAGAGTTGAACCTGT	ENSG00000282386.1	noUMI	1
GCATGTCTCCACATAG	ENSG00000279457.4	noUMI	2
GCATGTCTCCACATAG	ENSG00000225630.1	TATTGCAT	1
GCATGTCTCCACATAG	ENSG00000225630.1	CTGGGATA	1
GCATGTCTCCACATAG	ENSG00000225630.1	TCTAGTGC	1
GCATGTCTCCACATAG	ENSG00000225630.1	GATACAAC	1
GCATGTCTCCACATAG	ENSG00000225630.1	TGCTTCCC	1
GCATGTCTCCACATAG	ENSG00000225630.1	AACTCCTC	1
GCATGTCTCCACATAG	ENSG00000225630.1	TACGAATG	2
GCATGTCTCCACATAG	ENSG00000225630.1	noUMI	29
GCATGTCTCCACATAG	ENSG00000225630.1	GCGTTAGG	1
GCATGTCTCCACATAG	ENSG00000225630.1	GTACGACT	1
GCATGTCTCCACATAG	ENSG00000225630.1	TCGCGTCC	1
GCATGTCTCCACATAG	ENSG00000225630.1	CGCAGTCA	1
GCATGTCTCCACATAG	ENSG00000225630.1	TCCTGCTA	1
GCATGTCTCCACATAG	ENSG00000225630.1	AATCTTGA	1
GCATGTCTCCACATAG	ENSG00000225630.1	CTCACTAG	1
GCATGTCTCCACATAG	ENSG00000225630.1	GAGGAAGA	1
GCATGTCTCCACATAG	ENSG00000225630.1	CATGACAT	1
GCATGTCTCCACATAG	ENSG00000225630.1	GACTTCGA	1
GCATGTCTCCACATAG	ENSG00000225630.1	CCAGGGGT	1
GCATGTCTCCACATAG	ENSG00000225630.1	TCAGGCCA	1
GCATGTCTCCACATAG	ENSG00000225630.1	TGGAAAGG	1
GCATGTCTCCACATAG	ENSG00000225630.1	CCCTGTTT	1
GCATGTCTCCACATAG	ENSG00000225630.1	CCATGTAA	1
GCATGTCTCCACATAG	ENSG00000225630.1	GAACCTTA	1
GCATGTCTCCACATAG	ENSG00000225630.1	GGCCCGTC	1
GCATGTCTCCACATAG	ENSG00000225630.1	TGGTACAC	1
GCATGTCTCCACATAG	ENSG00000225630.1	ATCACAAC	1
GCATGTCTCCACATAG	ENSG00000225630.1	GGTAGTTA	1
GCATGTCTCCACATAG	ENSG00000225630.1	CTCAAATG	1
GCATGTCTCCACATAG	ENSG00000225630.1	TCAGTATT	1
GCATGTCTCCACATAG	ENSG00000225630.1	GCTGGCCT	1
GCATGTCTCCACATAG	ENSG00000225630.1	ACTGGGCG	1
GCATGTCTCCACATAG	ENSG00000225630.1	TCCAGGCA	1
GCATGTCTCCACATAG	ENSG00000225630.1	TGCTAGAC	1
GCATGTCTCCACATAG	ENSG00000225630.1	CGGTTACC	1
GCATGTCTCCACATAG	ENSG00000225630.1	TTCAAGAA	1
GCATGTCTCCACATAG	ENSG00000225630.1	AGGACAGC	1
GCATGTCTCCACATAG	ENSG00000225630.1	GTAGCGAT	1
GCATGTCTCCACATAG	ENSG00000225630.1	TGAGAGTT	2
GCATGTCTCCACATAG	ENSG00000225630.1	GGCTTGGG	1
GCATGTCTCCACATAG	ENSG00000225630.1	AATACAAT	1
GCATGTCTCCACATAG	ENSG00000225630.1	GTCGTCAT	1
GCATGTCTCCACATAG	ENSG00000225630.1	GTCTACAC	2
GCATGTCTCCACATAG	ENSG00000225630.1	TCATGCAG	1
GCATGTCTCCACATAG	ENSG00000225630.1	TTAGCGAG	1
GCATGTCTCCACATAG	ENSG00000225630.1	TAAGTGAG	1
GCATGTCTCCACATAG	ENSG00000225630.1	CGGCTTGT	1
GCATGTCTCCACATAG	ENSG00000225630.1	TAAGGTCC	1
GCATGTCTCCACATAG	ENSG00000225630.1	TTGCAAAG	1
GCATGTCTCCACATAG	ENSG00000225630.1	TCGCAAAA	1
GCATGTCTCCACATAG	ENSG00000225630.1	ACATAGAG	1
GCATGTCTCCACATAG	ENSG00000225630.1	TCAAGGCC	1
GCATGTCTCCACATAG	ENSG00000225630.1	TTGCTGGC	1
GCATGTCTCCACATAG	ENSG00000225630.1	GCTTAACC	1
GCATGTCTCCACATAG	ENSG00000225630.1	TAGAATCA	1
GCATGTCTCCACATAG	ENSG00000225630.1	AGTCATCC	2
GCATGTCTCCACATAG	ENSG00000225630.1	AGCGCGAG	1
GCATGTCTCCACATAG	ENSG00000225630.1	ATGGACCT	1
GCATGTCTCCACATAG	ENSG00000225630.1	AACGTAAC	1
GCATGTCTCCACATAG	ENSG00000225630.1	TGGGCAAC	1
GCATGTCTCCACATAG	ENSG00000225630.1	GGGCTAAA	1
GCATGTCTCCACATAG	ENSG00000225630.1	GTCACCAC	1
GCATGTCTCCACATAG	ENSG00000225630.1	TTACCCGA	1
GCATGTCTCCACATAG	ENSG00000225630.1	ACATTAGC	1
GCATGTCTCCACATAG	ENSG00000225630.1	ACATCGAG	1
GCATGTCTCCACATAG	ENSG00000225630.1	GGGCGTGG	3
GCATGTCTCCACATAG	ENSG00000225630.1	CAAACACC	1
GCATGTCTCCACATAG	ENSG00000225630.1	ACCAACAT	1
GCATGTCTCCACATAG	ENSG00000225630.1	TTCAGTAG	1
GCATGTCTCCACATAG	ENSG00000225630.1	CTAGCACA	2
GCATGTCTCCACATAG	ENSG00000225630.1	TAACACAT	1
GCATGTCTCCACATAG	ENSG00000225630.1	CACCCAAG	1
GCATGTCTCCACATAG	ENSG00000225630.1	GGACTCAC	1
GCATGTCTCCACATAG	ENSG00000225630.1	TTTGTCGC	1
GCATGTCTCCACATAG	ENSG00000225630.1	GAGTGCGA	1
GCATGTCTCCACATAG	ENSG00000225630.1	TTTGCGAG	1
GCATGTCTCCACATAG	ENSG00000225630.1	TTACCAGT	1
GCATGTCTCCACATAG	ENSG00000225630.1	TTGCAGGC	1
GCATGTCTCCACATAG	ENSG00000198744.5	GCCCCCAA	1
GCATGTCTCCACATAG	ENSG00000176022.7	noUMI	2
GCATGTCTCCACATAG	ENSG00000272455.1	noUMI	4
GCATGTCTCCACATAG	ENSG00000171612.7	noUMI	1
GCATGTCTCCACATAG	ENSG00000288398.1	CAACAAGA	3
GCATGTCTCCACATAG	ENSG00000288398.1	noUMI	8
GCATGTCTCCACATAG	ENSG00000090432.7	noUMI	4
GCATGTCTCCACATAG	ENSG00000090432.7	GCCATATA	1
GCATGTCTCCACATAG	ENSG00000158246.8	noUMI	1
GCATGTCTCCACATAG	ENSG00000158246.8	TCTAGAAA	1
GCATGTCTCCACATAG	ENSG00000270605.1	noUMI	1
GCATGTCTCCACATAG	ENSG00000279443.1	noUMI	1
GCATGTCTCCACATAG	ENSG00000175130.7	noUMI	3
GCATGTCTCCACATAG	ENSG00000175130.7	AGTAGTAT	1
GCATGTCTCCACATAG	ENSG00000175130.7	GATGTGCC	1
GCATGTCTCCACATAG	ENSG00000273274.2	noUMI	2
GCATGTCTCCACATAG	ENSG00000243749.1	noUMI	1
GCATGTCTCCACATAG	ENSG00000243749.1	GCGCACGT	1
GCATGTCTCCACATAG	ENSG00000116863.11	AAGTACCG	1
GCATGTCTCCACATAG	ENSG00000116863.11	noUMI	2
GCATGTCTCCACATAG	ENSG00000116863.11	ATGGCGTC	1
GCATGTCTCCACATAG	ENSG00000117000.9	noUMI	1
GCATGTCTCCACATAG	ENSG00000259943.1	noUMI	2
GCATGTCTCCACATAG	ENSG00000260920.2	TGCATCGG	1
GCATGTCTCCACATAG	ENSG00000234694.1	noUMI	2
GCATGTCTCCACATAG	ENSG00000169213.7	noUMI	1
GCATGTCTCCACATAG	ENSG00000162396.6	CTACTAGG	1
GCATGTCTCCACATAG	ENSG00000066557.6	noUMI	10
GCATGTCTCCACATAG	ENSG00000066557.6	AGAGGCGC	1
GCATGTCTCCACATAG	ENSG00000066557.6	CCTTTGCC	1
GCATGTCTCCACATAG	ENSG00000226415.1	CGATGATG	1
GCATGTCTCCACATAG	ENSG00000223896.2	noUMI	6
GCATGTCTCCACATAG	ENSG00000137970.7	TAATCCGG	2
GCATGTCTCCACATAG	ENSG00000137970.7	TCACGATG	1
GCATGTCTCCACATAG	ENSG00000137970.7	CTTAGACT	1
GCATGTCTCCACATAG	ENSG00000244716.3	noUMI	1
GCATGTCTCCACATAG	ENSG00000065135.12	AAGGGCGG	1
GCATGTCTCCACATAG	ENSG00000065135.12	ACATGAAT	1
GCATGTCTCCACATAG	ENSG00000065135.12	AGCGTGAA	1
GCATGTCTCCACATAG	ENSG00000065135.12	noUMI	27
GCATGTCTCCACATAG	ENSG00000065135.12	TCCATCAG	1
GCATGTCTCCACATAG	ENSG00000260948.1	GAGATGGG	2
GCATGTCTCCACATAG	ENSG00000213281.5	noUMI	8
GCATGTCTCCACATAG	ENSG00000213281.5	GGGCACTG	1
GCATGTCTCCACATAG	ENSG00000183508.5	noUMI	1
GCATGTCTCCACATAG	ENSG00000143067.5	noUMI	1
GCATGTCTCCACATAG	ENSG00000277702.1	CTCCGGGG	1
GCATGTCTCCACATAG	ENSG00000215784.6	noUMI	1
GCATGTCTCCACATAG	ENSG00000287190.1	GACACCAC	1
TTGGAACCGAACCTGT	ENSG00000225630.1	ATTGACTT	1
TTGGAACCGAACCTGT	ENSG00000225630.1	CTTTGACA	1
TTGGAACCGAACCTGT	ENSG00000225630.1	CATGTGGA	2
TTGGAACCGAACCTGT	ENSG00000225630.1	TAGTAGTC	1
TTGGAACCGAACCTGT	ENSG00000225630.1	AGAAAGTA	1
TTGGAACCGAACCTGT	ENSG00000225630.1	CAACTAGC	1
TTGGAACCGAACCTGT	ENSG00000225630.1	GTGTACCC	1
TTGGAACCGAACCTGT	ENSG00000225630.1	TAGTAGCG	1
TTGGAACCGAACCTGT	ENSG00000225630.1	noUMI	1
TTGGAACCGAACCTGT	ENSG00000225630.1	CACAAGTC	1
TTGGAACCGAACCTGT	ENSG00000225630.1	CAGGCCTG	1
TTGGAACCGAACCTGT	ENSG00000225630.1	GTTAACGG	1
TTGGAACCGAACCTGT	ENSG00000179163.12	noUMI	1
TTGGAACCGAACCTGT	ENSG00000175130.7	noUMI	2
TTGGAACCGAACCTGT	ENSG00000237424.1	noUMI	1
TTGGAACCGAACCTGT	ENSG00000066557.6	noUMI	3
TTGGAACCGAACCTGT	ENSG00000271576.1	ATTCGTGG	1
TTGGAACCGAACCTGT	ENSG00000065135.12	GAAGTGCG	1
TTGGAACCGAACCTGT	ENSG00000065135.12	TACATGAA	1
TTGGAACCGAACCTGT	ENSG00000065135.12	noUMI	6
TTGGAACCGAACCTGT	ENSG00000261654.1	AGGCCAGT	1
TTGGAACCGAACCTGT	ENSG00000238198.2	noUMI	2
TTGGAACCGAACCTGT	ENSG00000213281.5	CCTATGCG	1
TTGGAACCGAACCTGT	ENSG00000277702.1	GACCAACA	1
TTGGAACCGAACCTGT	ENSG00000277702.1	GGACACTT	1
TTGGAACCGAACCTGT	ENSG00000163344.6	GTATGTCA	1
TTGGAACCGAACCTGT	ENSG00000236675.1	noUMI	1
TTGGAACCGAACCTGT	ENSG00000224358.1	noUMI	1
TTGGAACCGAACCTGT	ENSG00000174529.7	noUMI	1
TTGGAACCGAACCTGT	ENSG00000277007.1	noUMI	1
TTGGAACCGAACCTGT	ENSG00000162817.7	CAGGAAAC	1
TTGGAACCGAACCTGT	ENSG00000143751.10	ACGCGCTT	2
TTGGAACCGAACCTGT	ENSG00000143751.10	AGACTGGT	1
TACCGATGGGAGTAAC	ENSG00000279457.4	noUMI	6
TACCGATGGGAGTAAC	ENSG00000279457.4	CTGATGCT	1
TACCGATGGGAGTAAC	ENSG00000225630.1	noUMI	50
TACCGATGGGAGTAAC	ENSG00000225630.1	CAGGACTA	1
TACCGATGGGAGTAAC	ENSG00000225630.1	CGACCCGG	1
TACCGATGGGAGTAAC	ENSG00000225630.1	CCATTAGT	1
TACCGATGGGAGTAAC	ENSG00000225630.1	GGGGCATA	1
TACCGATGGGAGTAAC	ENSG00000225630.1	TTAGCAGC	1
TACCGATGGGAGTAAC	ENSG00000225630.1	CTCGTGTT	1
TACCGATGGGAGTAAC	ENSG00000225630.1	TCGACCTC	2
TACCGATGGGAGTAAC	ENSG00000225630.1	GAACCGTC	1
TACCGATGGGAGTAAC	ENSG00000225630.1	AATACTTC	1
TACCGATGGGAGTAAC	ENSG00000225630.1	TAAGGAGT	1
TACCGATGGGAGTAAC	ENSG00000225630.1	TCTAGAAG	2
TACCGATGGGAGTAAC	ENSG00000225630.1	AAATTGTG	1
TACCGATGGGAGTAAC	ENSG00000225630.1	GAACGTTC	1
TACCGATGGGAGTAAC	ENSG00000225630.1	ACTCAGGC	1
TACCGATGGGAGTAAC	ENSG00000225630.1	CAGACGGA	2
TACCGATGGGAGTAAC	ENSG00000225630.1	TGATAATT	1
TACCGATGGGAGTAAC	ENSG00000225630.1	GGCGCTCT	1
TACCGATGGGAGTAAC	ENSG00000225630.1	AGATAGTG	2
TACCGATGGGAGTAAC	ENSG00000225630.1	TAGACCTG	1
TACCGATGGGAGTAAC	ENSG00000225630.1	TAAGGCTG	1
TACCGATGGGAGTAAC	ENSG00000225630.1	GGCTAATC	1
TACCGATGGGAGTAAC	ENSG00000225630.1	CCAATTTT	1
TACCGATGGGAGTAAC	ENSG00000225630.1	CCTCCAAT	1
TACCGATGGGAGTAAC	ENSG00000225630.1	GCTGCGGA	1
TACCGATGGGAGTAAC	ENSG00000225630.1	TGGATATA	1
TACCGATGGGAGTAAC	ENSG00000225630.1	TACGTGAG	1
TACCGATGGGAGTAAC	ENSG00000225630.1	AAGAGTCC	1
TACCGATGGGAGTAAC	ENSG00000225630.1	ACAGGGTA	2
TACCGATGGGAGTAAC	ENSG00000224969.1	noUMI	3
TACCGATGGGAGTAAC	ENSG00000288398.1	noUMI	2
TACCGATGGGAGTAAC	ENSG00000090432.7	noUMI	9
TACCGATGGGAGTAAC	ENSG00000090432.7	TTAAGGCG	1
TACCGATGGGAGTAAC	ENSG00000179163.12	noUMI	17
TACCGATGGGAGTAAC	ENSG00000270605.1	noUMI	1
TACCGATGGGAGTAAC	ENSG00000130766.5	noUMI	1
TACCGATGGGAGTAAC	ENSG00000237934.1	noUMI	3
TACCGATGGGAGTAAC	ENSG00000243749.1	noUMI	3
TACCGATGGGAGTAAC	ENSG00000243749.1	AGCAAACC	1
TACCGATGGGAGTAAC	ENSG00000116863.11	noUMI	12
TACCGATGGGAGTAAC	ENSG00000117000.9	noUMI	5
TACCGATGGGAGTAAC	ENSG00000259943.1	noUMI	4
TACCGATGGGAGTAAC	ENSG00000259943.1	GACGCAGT	1
TACCGATGGGAGTAAC	ENSG00000224751.2	noUMI	1
TACCGATGGGAGTAAC	ENSG00000237950.3	noUMI	4
TACCGATGGGAGTAAC	ENSG00000169213.7	noUMI	1
TACCGATGGGAGTAAC	ENSG00000116704.8	noUMI	7
TACCGATGGGAGTAAC	ENSG00000066557.6	noUMI	31
TACCGATGGGAGTAAC	ENSG00000066557.6	CTAGCCAC	1
TACCGATGGGAGTAAC	ENSG00000226415.1	noUMI	1
TACCGATGGGAGTAAC	ENSG00000280099.1	noUMI	3
TACCGATGGGAGTAAC	ENSG00000223896.2	noUMI	8
TGACCAAGCGATACTG	ENSG00000279457.4	noUMI	2
TGACCAAGCGATACTG	ENSG00000225630.1	noUMI	32
TGACCAAGCGATACTG	ENSG00000225630.1	CAGGAAAG	1
TGACCAAGCGATACTG	ENSG00000225630.1	ATCCACGG	2
TGACCAAGCGATACTG	ENSG00000225630.1	TTAAGGAA	1
TGACCAAGCGATACTG	ENSG00000225630.1	CTATCTGG	3
TGACCAAGCGATACTG	ENSG00000225630.1	CCTAAACG	2
TGACCAAGCGATACTG	ENSG00000225630.1	CGATGGGT	1
TGACCAAGCGATACTG	ENSG00000225630.1	AACAGCCG	1
TGACCAAGCGATACTG	ENSG00000225630.1	ATTCCCCC	1
TGACCAAGCGATACTG	ENSG00000225630.1	CGAAGTAC	1
TGACCAAGCGATACTG	ENSG00000225630.1	CGGCCAGC	1
TGACCAAGCGATACTG	ENSG00000225630.1	TACAGCGA	1
TGACCAAGCGATACTG	ENSG00000225630.1	CCATACGT	1
TGACCAAGCGATACTG	ENSG00000225630.1	AAGCACTG	1
TGACCAAGCGATACTG	ENSG00000225630.1	AGGCCATC	1
TGACCAAGCGATACTG	ENSG00000225630.1	CGAGTAAT	1
TGACCAAGCGATACTG	ENSG00000225630.1	AGTTCTGG	2
TGACCAAGCGATACTG	ENSG00000225630.1	TGACGTAG	1
TGACCAAGCGATACTG	ENSG00000225630.1	TAAGCCTT	1
TGACCAAGCGATACTG	ENSG00000225630.1	CCGTATCC	1
TGACCAAGCGATACTG	ENSG00000225630.1	AGGGGTTA	1
TGACCAAGCGATACTG	ENSG00000225630.1	ATCGTTCA	1
TGACCAAGCGATACTG	ENSG00000225630.1	TAGTCCCA	1
TGACCAAGCGATACTG	ENSG00000225630.1	ACCCCACT	1
TGACCAAGCGATACTG	ENSG00000225630.1	CATCCTCT	1
TGACCAAGCGATACTG	ENSG00000225630.1	GTGCACAG	1
TGACCAAGCGATACTG	ENSG00000225630.1	TAGGGAGC	1
TGACCAAGCGATACTG	ENSG00000225630.1	TACACTAT	1
TGACCAAGCGATACTG	ENSG00000225630.1	TCTTGAGG	2
TGACCAAGCGATACTG	ENSG00000225630.1	AATTAGTG	1
TGACCAAGCGATACTG	ENSG00000225630.1	ACATGTTG	1
TGACCAAGCGATACTG	ENSG00000225630.1	AGATATGG	1
TGACCAAGCGATACTG	ENSG00000225630.1	TGCCTAGA	1
TGACCAAGCGATACTG	ENSG00000225630.1	CAGCCAGA	1
TGACCAAGCGATACTG	ENSG00000225630.1	CAGATTCC	1
TGACCAAGCGATACTG	ENSG00000225630.1	CCTATAAA	1
TGACCAAGCGATACTG	ENSG00000225630.1	TGTAAACC	1
TGACCAAGCGATACTG	ENSG00000225630.1	CATGGGTG	1
TGACCAAGCGATACTG	ENSG00000225630.1	TTCACCGA	1
TGACCAAGCGATACTG	ENSG00000225630.1	GATATTGA	1
TGACCAAGCGATACTG	ENSG00000198744.5	noUMI	1
TGACCAAGCGATACTG	ENSG00000224387.1	noUMI	1
TGACCAAGCGATACTG	ENSG00000270282.1	noUMI	5
TGACCAAGCGATACTG	ENSG00000171612.7	noUMI	1
TGACCAAGCGATACTG	ENSG00000231789.2	noUMI	1
TGACCAAGCGATACTG	ENSG00000231789.2	GGTGAGGA	1
TGACCAAGCGATACTG	ENSG00000287756.1	noUMI	2
TGACCAAGCGATACTG	ENSG00000233954.6	CGTATGCT	1
TGACCAAGCGATACTG	ENSG00000233954.6	noUMI	1
TGACCAAGCGATACTG	ENSG00000233954.6	TTGTGATC	1
TGACCAAGCGATACTG	ENSG00000288398.1	noUMI	7
TGACCAAGCGATACTG	ENSG00000261135.1	noUMI	3
TGACCAAGCGATACTG	ENSG00000272426.1	noUMI	2
TGACCAAGCGATACTG	ENSG00000270728.1	noUMI	2
TGACCAAGCGATACTG	ENSG00000090432.7	noUMI	16
TGACCAAGCGATACTG	ENSG00000179163.12	noUMI	17
TGACCAAGCGATACTG	ENSG00000179163.12	AAGATGGG	1
TGACCAAGCGATACTG	ENSG00000279443.1	AGCGAGGG	1
TGACCAAGCGATACTG	ENSG00000175130.7	noUMI	4
TGACCAAGCGATACTG	ENSG00000243749.1	noUMI	5
TGACCAAGCGATACTG	ENSG00000243749.1	CAGTCAGC	1
TGACCAAGCGATACTG	ENSG00000243749.1	TGCACTTG	1
TGACCAAGCGATACTG	ENSG00000236274.1	noUMI	3
TGACCAAGCGATACTG	ENSG00000116863.11	noUMI	9
TGACCAAGCGATACTG	ENSG00000116863.11	CCTGACAG	1
TGACCAAGCGATACTG	ENSG00000163909.8	noUMI	3
TGACCAAGCGATACTG	ENSG00000117000.9	noUMI	9
TGACCAAGCGATACTG	ENSG00000259943.1	CCATTTCT	1
TGACCAAGCGATACTG	ENSG00000142959.5	noUMI	3
TGACCAAGCGATACTG	ENSG00000186564.6	AAAGCTAG	2
TGACCAAGCGATACTG	ENSG00000186564.6	noUMI	1
TGACCAAGCGATACTG	ENSG00000169213.7	CTACTGCT	1
TGACCAAGCGATACTG	ENSG00000169213.7	GCTCGGCT	1
TGACCAAGCGATACTG	ENSG00000169213.7	noUMI	1
GGTCTCAACCATCCAA	ENSG00000225630.1	GTGTATCC	1
GGTCTCAACCATCCAA	ENSG00000225630.1	GACGGTTA	1
GGTCTCAACCATCCAA	ENSG00000225630.1	noUMI	12
GGTCTCAACCATCCAA	ENSG00000225630.1	AAATGATC	1
GGTCTCAACCATCCAA	ENSG00000225630.1	ATCTCTGG	2
GGTCTCAACCATCCAA	ENSG00000225630.1	ATGAAGAC	1
GGTCTCAACCATCCAA	ENSG00000225630.1	GTAGGGGT	1
GGTCTCAACCATCCAA	ENSG00000225630.1	TGGCGGCG	1
GGTCTCAACCATCCAA	ENSG00000225630.1	ATAAAACA	1
GGTCTCAACCATCCAA	ENSG00000225630.1	GGAGGTAT	1
GGTCTCAACCATCCAA	ENSG00000225630.1	TTCCAAAA	1
GGTCTCAACCATCCAA	ENSG00000225630.1	GTCGCGAT	1
GGTCTCAACCATCCAA	ENSG00000225630.1	CCATGCCC	1
GGTCTCAACCATCCAA	ENSG00000225630.1	GTACTCGT	1
GGTCTCAACCATCCAA	ENSG00000225630.1	GGAATCCA	1
GGTCTCAACCATCCAA	ENSG00000225630.1	GCTCTACG	1
GGTCTCAACCATCCAA	ENSG00000225630.1	TACTATGA	1
GGTCTCAACCATCCAA	ENSG00000225630.1	CTGTGTCG	1
GGTCTCAACCATCCAA	ENSG00000225630.1	CATTCGAG	1
GGTCTCAACCATCCAA	ENSG00000225630.1	TTGCAGGT	1
GGTCTCAACCATCCAA	ENSG00000225630.1	TCATCGAA	1
GGTCTCAACCATCCAA	ENSG00000225630.1	CGAAGTGT	1
GGTCTCAACCATCCAA	ENSG00000225630.1	CCTGCATC	1
GGTCTCAACCATCCAA	ENSG00000225630.1	TCGTGGCA	1
GGTCTCAACCATCCAA	ENSG00000225630.1	CACGAGAG	1
GGTCTCAACCATCCAA	ENSG00000225630.1	GTATCGTG	1
GGTCTCAACCATCCAA	ENSG00000225630.1	GGAGTCAG	1
GGTCTCAACCATCCAA	ENSG00000225630.1	CCGAGACT	1
GGTCTCAACCATCCAA	ENSG00000225630.1	TCCAGTAC	1
GGTCTCAACCATCCAA	ENSG00000225630.1	GCAGTGAA	1
GGTCTCAACCATCCAA	ENSG00000225630.1	AACATCAC	1
GGTCTCAACCATCCAA	ENSG00000225630.1	AGAGCAAG	1
GGTCTCAACCATCCAA	ENSG00000225630.1	ATGTCAAG	1
GGTCTCAACCATCCAA	ENSG00000225630.1	ACTCCCAT	1
GGTCTCAACCATCCAA	ENSG00000225630.1	TTGCCAGC	1
GGTCTCAACCATCCAA	ENSG00000225630.1	TTACCGCC	1
GGTCTCAACCATCCAA	ENSG00000225630.1	CCATAAGA	1
GGTCTCAACCATCCAA	ENSG00000225630.1	TGATCAAG	2
GGTCTCAACCATCCAA	ENSG00000225630.1	CTCTACGG	1
GGTCTCAACCATCCAA	ENSG00000225630.1	GGTCTTCC	1
GGTCTCAACCATCCAA	ENSG00000225630.1	CTAGGGAT	1
GGTCTCAACCATCCAA	ENSG00000225630.1	CCGAAAGA	1
GGTCTCAACCATCCAA	ENSG00000225630.1	TCTAAACT	1
GGTCTCAACCATCCAA	ENSG00000225630.1	TACGTGCC	1
GGTCTCAACCATCCAA	ENSG00000225630.1	CCACATTG	1
GGTCTCAACCATCCAA	ENSG00000225630.1	ACACGTAC	1
GGTCTCAACCATCCAA	ENSG00000225630.1	CTCACAGT	1
GGTCTCAACCATCCAA	ENSG00000225630.1	GTTCGGCT	1
GGTCTCAACCATCCAA	ENSG00000225630.1	CGGATCAA	1
GGTCTCAACCATCCAA	ENSG00000225630.1	GGAAGACT	1
GGTCTCAACCATCCAA	ENSG00000225630.1	ATCGCCGT	3
GGTCTCAACCATCCAA	ENSG00000225630.1	GAAATAGA	3
GGTCTCAACCATCCAA	ENSG00000225630.1	GTACACGG	1
GGTCTCAACCATCCAA	ENSG00000225630.1	ACCCGCGT	1
GGTCTCAACCATCCAA	ENSG00000225630.1	AAATACCC	1
GGTCTCAACCATCCAA	ENSG00000225630.1	TAAGGATA	1
GGTCTCAACCATCCAA	ENSG00000225630.1	ACGAGTAC	1
GGTCTCAACCATCCAA	ENSG00000171612.7	TAGATTGG	1
GGTCTCAACCATCCAA	ENSG00000270728.1	noUMI	3
GGTCTCAACCATCCAA	ENSG00000090432.7	noUMI	1
GGTCTCAACCATCCAA	ENSG00000179163.12	noUMI	1
GGTCTCAACCATCCAA	ENSG00000270605.1	TATCTGCC	1
GGTCTCAACCATCCAA	ENSG00000175130.7	noUMI	1
GGTCTCAACCATCCAA	ENSG00000175130.7	ATCAGGTG	1
GGTCTCAACCATCCAA	ENSG00000175130.7	CTTGGGTG	1
GGTCTCAACCATCCAA	ENSG00000175130.7	GCGACCAC	1
GGTCTCAACCATCCAA	ENSG00000116863.11	noUMI	1
GGTCTCAACCATCCAA	ENSG00000117000.9	noUMI	1
GGTCTCAACCATCCAA	ENSG00000259943.1	ACTAGAGT	1
GGTCTCAACCATCCAA	ENSG00000169213.7	noUMI	1
GGTCTCAACCATCCAA	ENSG00000162396.6	noUMI	1
GGTCTCAACCATCCAA	ENSG00000162396.6	GCACACTG	1
GGTCTCAACCATCCAA	ENSG00000137970.7	GTGCCAGT	1
GGTCTCAACCATCCAA	ENSG00000137970.7	AAATAGAC	1
GGTCTCAACCATCCAA	ENSG00000137970.7	noUMI	2
GGTCTCAACCATCCAA	ENSG00000065135.12	noUMI	6
GGTCTCAACCATCCAA	ENSG00000065135.12	GTATGAAC	1
GGTCTCAACCATCCAA	ENSG00000065135.12	GTTTGAAC	1
GGTCTCAACCATCCAA	ENSG00000213281.5	noUMI	9
GGTCTCAACCATCCAA	ENSG00000213281.5	CGAGGACC	1
GGTCTCAACCATCCAA	ENSG00000234367.1	noUMI	1
GGTCTCAACCATCCAA	ENSG00000163344.6	GTACAGCC	1
GGTCTCAACCATCCAA	ENSG00000163344.6	GACAATCC	1
GGTCTCAACCATCCAA	ENSG00000163344.6	GCTGGGGG	1
GGTCTCAACCATCCAA	ENSG00000163344.6	TAGTCTCC	1
GGTCTCAACCATCCAA	ENSG00000143184.5	noUMI	2
GGTCTCAACCATCCAA	ENSG00000170385.10	noUMI	1
GGTCTCAACCATCCAA	ENSG00000218283.2	GTTCGATG	1
GGTCTCAACCATCCAA	ENSG00000218283.2	GGAGATAG	2
GGTCTCAACCATCCAA	ENSG00000218283.2	GCTAACGG	1
GGTCTCAACCATCCAA	ENSG00000162817.7	noUMI	2
GGTCTCAACCATCCAA	ENSG00000143751.10	noUMI	5
GGTCTCAACCATCCAA	ENSG00000143751.10	TGGGAGGT	1
GGTCTCAACCATCCAA	ENSG00000143751.10	TGCTCCAC	1
GGTCTCAACCATCCAA	ENSG00000181218.5	GAATCAAG	1
GGTCTCAACCATCCAA	ENSG00000181218.5	TAAATGCC	1
GGTCTCAACCATCCAA	ENSG00000277462.2	noUMI	2
GGTCTCAACCATCCAA	ENSG00000277462.2	CCACTCTC	3
GGTCTCAACCATCCAA	ENSG00000259865.1	noUMI	1
TCCAAGTCCAGATTCG	ENSG00000279457.4	noUMI	3
TCCAAGTCCAGATTCG	ENSG00000225972.1	noUMI	1
TCCAAGTCCAGATTCG	ENSG00000225630.1	CACGACAG	1
TCCAAGTCCAGATTCG	ENSG00000225630.1	GCGACGAT	1
TCCAAGTCCAGATTCG	ENSG00000225630.1	noUMI	57
TCCAAGTCCAGATTCG	ENSG00000225630.1	TCCGTAAA	1
TCCAAGTCCAGATTCG	ENSG00000225630.1	GAGACTAT	1
TCCAAGTCCAGATTCG	ENSG00000225630.1	AACGGTCA	1
TCCAAGTCCAGATTCG	ENSG00000225630.1	GAACACAG	1
TCCAAGTCCAGATTCG	ENSG00000225630.1	TCACGACC	1
TCCAAGTCCAGATTCG	ENSG00000225630.1	AATTGAGC	1
TCCAAGTCCAGATTCG	ENSG00000225630.1	TGTGTGCT	1
TCCAAGTCCAGATTCG	ENSG00000225630.1	CCGAAAGA	1
TCCAAGTCCAGATTCG	ENSG00000225630.1	CTGTCCGT	3
TCCAAGTCCAGATTCG	ENSG00000225630.1	GGTAAGTT	1
TCCAAGTCCAGATTCG	ENSG00000225630.1	CGGGTGGG	1
TCCAAGTCCAGATTCG	ENSG00000225630.1	CAGGAAAG	1
TCCAAGTCCAGATTCG	ENSG00000225630.1	ATGTCAGT	1
TCCAAGTCCAGATTCG	ENSG00000225630.1	TTCTATAA	1
TCCAAGTCCAGATTCG	ENSG00000225630.1	GCCGCATC	1
TCCAAGTCCAGATTCG	ENSG00000225630.1	AGTGCGTT	1
TCCAAGTCCAGATTCG	ENSG00000225630.1	TAACGTCT	1
TCCAAGTCCAGATTCG	ENSG00000225630.1	GTGTGGAA	1
TCCAAGTCCAGATTCG	ENSG00000225630.1	ACAGGTTT	1
TCCAAGTCCAGATTCG	ENSG00000225630.1	CATAGATG	3
TCCAAGTCCAGATTCG	ENSG00000225630.1	TAAGCGCT	1
TCCAAGTCCAGATTCG	ENSG00000225630.1	TCAACAAT	1
TCCAAGTCCAGATTCG	ENSG00000225630.1	TGAAGAAG	1
TCCAAGTCCAGATTCG	ENSG00000225630.1	ACTGTGAC	1
TCCAAGTCCAGATTCG	ENSG00000225630.1	AGAACACC	1
TCCAAGTCCAGATTCG	ENSG00000225630.1	TCGACCTG	3
TCCAAGTCCAGATTCG	ENSG00000225630.1	CGTGGCTT	2
TCCAAGTCCAGATTCG	ENSG00000225630.1	ACTACTGG	1
TCCAAGTCCAGATTCG	ENSG00000225630.1	TGGCGGAA	1
TCCAAGTCCAGATTCG	ENSG00000225630.1	GGCAGAGG	1
TCCAAGTCCAGATTCG	ENSG00000225630.1	ACGGTCAC	1
TCCAAGTCCAGATTCG	ENSG00000225630.1	GATACAAG	1
TCCAAGTCCAGATTCG	ENSG00000225630.1	AATTGGCC	1
TCCAAGTCCAGATTCG	ENSG00000225630.1	ATCTGATC	1
TCCAAGTCCAGATTCG	ENSG00000225630.1	GGTCATGT	1
TCCAAGTCCAGATTCG	ENSG00000225630.1	CCATGGGA	1
TCCAAGTCCAGATTCG	ENSG00000225630.1	GACAAAGA	4
TCCAAGTCCAGATTCG	ENSG00000225630.1	TTTAGAGG	1
TCCAAGTCCAGATTCG	ENSG00000225630.1	GGGATGAC	2
TCCAAGTCCAGATTCG	ENSG00000225630.1	CCAAGTTC	2
TCCAAGTCCAGATTCG	ENSG00000225630.1	GTGATGTT	1
TCCAAGTCCAGATTCG	ENSG00000225630.1	CAGACTAA	1
TCCAAGTCCAGATTCG	ENSG00000225630.1	CCCGGCAT	1
TCCAAGTCCAGATTCG	ENSG00000225630.1	ATACTGGG	1
TCCAAGTCCAGATTCG	ENSG00000225630.1	AACTCCCG	1
TCCAAGTCCAGATTCG	ENSG00000225630.1	TGTCATGC	1
TCCAAGTCCAGATTCG	ENSG00000225630.1	GTGTATGC	1
TCCAAGTCCAGATTCG	ENSG00000225630.1	AGGTCTAA	2
TCCAAGTCCAGATTCG	ENSG00000225630.1	AGCTACCC	2
TCCAAGTCCAGATTCG	ENSG00000225630.1	ACCTGAAG	2
TCCAAGTCCAGATTCG	ENSG00000225630.1	ACGGTCTG	1
TCCAAGTCCAGATTCG	ENSG00000225630.1	GAGAGGAC	1
TCCAAGTCCAGATTCG	ENSG00000225630.1	CCACCGTC	1
TCCAAGTCCAGATTCG	ENSG00000225630.1	GGCGGTGA	1
TCCAAGTCCAGATTCG	ENSG00000225630.1	GAGCAGTA	1
TCCAAGTCCAGATTCG	ENSG00000225630.1	GAACTTCC	1
TCCAAGTCCAGATTCG	ENSG00000225630.1	GCTCAATT	1
TCCAAGTCCAGATTCG	ENSG00000225630.1	AGAGTTCT	2
TCCAAGTCCAGATTCG	ENSG00000225630.1	ATCCACAT	1
TCCAAGTCCAGATTCG	ENSG00000225630.1	ACGTTCAA	2
TCCAAGTCCAGATTCG	ENSG00000225630.1	ACAAATGG	1
TCCAAGTCCAGATTCG	ENSG00000225630.1	TCCTAGGC	1
TCCAAGTCCAGATTCG	ENSG00000225630.1	ATGTGACT	1
TCCAAGTCCAGATTCG	ENSG00000225630.1	GGGGAGCC	1
TCCAAGTCCAGATTCG	ENSG00000225630.1	TAACGTGT	1
TCCAAGTCCAGATTCG	ENSG00000225630.1	GCGAACCC	1
TCCAAGTCCAGATTCG	ENSG00000225630.1	ATACACCG	1
TCCAAGTCCAGATTCG	ENSG00000225630.1	ACTGGGAG	1
TCCAAGTCCAGATTCG	ENSG00000225630.1	TGTCCGTT	1
TCCAAGTCCAGATTCG	ENSG00000225630.1	AGTTACCG	2
TCCAAGTCCAGATTCG	ENSG00000225630.1	CTCGTAAA	1
TCCAAGTCCAGATTCG	ENSG00000225630.1	GCCAAAAG	1
TCCAAGTCCAGATTCG	ENSG00000225630.1	ATACAATA	1
TCCAAGTCCAGATTCG	ENSG00000225630.1	CCCACACA	2
TCCAAGTCCAGATTCG	ENSG00000225630.1	ACGCAGTA	3
TCCAAGTCCAGATTCG	ENSG00000225630.1	TATGGTTG	2
TCCAAGTCCAGATTCG	ENSG00000225630.1	TATAAGCC	1
TCCAAGTCCAGATTCG	ENSG00000225630.1	GTCGGGTC	1
TCCAAGTCCAGATTCG	ENSG00000225630.1	CCGCTAAA	1
TCCAAGTCCAGATTCG	ENSG00000225630.1	ACTCGTCC	1
TCCAAGTCCAGATTCG	ENSG00000225630.1	GGGGGGCC	1
TCCAAGTCCAGATTCG	ENSG00000225630.1	ACACACTT	1
TCCAAGTCCAGATTCG	ENSG00000225630.1	AAGAAGAG	1
TCCAAGTCCAGATTCG	ENSG00000225630.1	CACACTCA	1
TCCAAGTCCAGATTCG	ENSG00000225630.1	ATACGAGT	2
TCCAAGTCCAGATTCG	ENSG00000225630.1	AAAACTAC	1
TCCAAGTCCAGATTCG	ENSG00000225630.1	ACGTGGTA	1
TCCAAGTCCAGATTCG	ENSG00000225630.1	GGAACTGA	1
TCCAAGTCCAGATTCG	ENSG00000225630.1	GCCCAAAG	1
TCCAAGTCCAGATTCG	ENSG00000225630.1	AGTACAAG	1
TCCAAGTCCAGATTCG	ENSG00000225630.1	TTTCAGTC	1
TCCAAGTCCAGATTCG	ENSG00000225630.1	GCGTGTTT	1
TCCAAGTCCAGATTCG	ENSG00000225630.1	TGTGTCGT	2
TCCAAGTCCAGATTCG	ENSG00000225630.1	CCCAAAGA	1
TCCAAGTCCAGATTCG	ENSG00000225630.1	CGGGGTAT	1
TCCAAGTCCAGATTCG	ENSG00000225630.1	ACAGCCTG	1
TCCAAGTCCAGATTCG	ENSG00000225630.1	ATACGTGA	2
TCCAAGTCCAGATTCG	ENSG00000225630.1	CATACGAG	1
TCCAAGTCCAGATTCG	ENSG00000225630.1	TGCCTGCT	1
TCCAAGTCCAGATTCG	ENSG00000225630.1	GTTGAGAG	1
TCCAAGTCCAGATTCG	ENSG00000225630.1	GATTGGCC	1
TCCAAGTCCAGATTCG	ENSG00000225630.1	CTGCGGAG	1
TCCAAGTCCAGATTCG	ENSG00000176022.7	noUMI	1
TCCAAGTCCAGATTCG	ENSG00000171612.7	TCATCGGC	1
TCCAAGTCCAGATTCG	ENSG00000171612.7	noUMI	1
TCCAAGTCCAGATTCG	ENSG00000171612.7	GTGGTTCC	2
TCCAAGTCCAGATTCG	ENSG00000288398.1	noUMI	12
TCCAAGTCCAGATTCG	ENSG00000090432.7	noUMI	7
TCCAAGTCCAGATTCG	ENSG00000090432.7	GCGACGAG	1
TCCAAGTCCAGATTCG	ENSG00000179163.12	noUMI	5
TCCAAGTCCAGATTCG	ENSG00000179163.12	GCAGTAAT	1
TCCAAGTCCAGATTCG	ENSG00000179163.12	CATTAGAG	1
TCCAAGTCCAGATTCG	ENSG00000230228.2	noUMI	4
TCCAAGTCCAGATTCG	ENSG00000232298.2	ACGGGCCT	1
TCCAAGTCCAGATTCG	ENSG00000225159.1	noUMI	2
TCCAAGTCCAGATTCG	ENSG00000279443.1	AACATGCG	1
TCCAAGTCCAGATTCG	ENSG00000279443.1	noUMI	2
TCCAAGTCCAGATTCG	ENSG00000175130.7	noUMI	9
TCCAAGTCCAGATTCG	ENSG00000175130.7	CGGTAAGA	1
TCCAAGTCCAGATTCG	ENSG00000243749.1	noUMI	4
TCCAAGTCCAGATTCG	ENSG00000116863.11	TGAGACGT	1
TCCAAGTCCAGATTCG	ENSG00000116863.11	noUMI	22
TCCAAGTCCAGATTCG	ENSG00000116863.11	ACGTGTGA	1
TCCAAGTCCAGATTCG	ENSG00000116981.4	noUMI	7
TCCAAGTCCAGATTCG	ENSG00000116981.4	TATGATGA	1
TCCAAGTCCAGATTCG	ENSG00000117000.9	AAGGCAGC	1
TCCAAGTCCAGATTCG	ENSG00000260920.2	ACCTGGGA	1
TCCAAGTCGAGAAGGA	ENSG00000225630.1	ACATAGAG	1
TCCAAGTCGAGAAGGA	ENSG00000225630.1	ATGCAATA	1
TCCAAGTCGAGAAGGA	ENSG00000225630.1	GATCCCGG	1
TCCAAGTCGAGAAGGA	ENSG00000225630.1	noUMI	15
TCCAAGTCGAGAAGGA	ENSG00000225630.1	GGGTCAGG	1
TCCAAGTCGAGAAGGA	ENSG00000225630.1	GTATCTGA	1
TCCAAGTCGAGAAGGA	ENSG00000225630.1	AACACCGC	1
TCCAAGTCGAGAAGGA	ENSG00000225630.1	GAGGGTCT	2
TCCAAGTCGAGAAGGA	ENSG00000225630.1	GATTACTA	1
TCCAAGTCGAGAAGGA	ENSG00000225630.1	AAAAAGTC	1
TCCAAGTCGAGAAGGA	ENSG00000225630.1	CGGATAGT	1
TCCAAGTCGAGAAGGA	ENSG00000225630.1	TGTACTTC	2
TCCAAGTCGAGAAGGA	ENSG00000225630.1	GCACCCCC	2
TCCAAGTCGAGAAGGA	ENSG00000225630.1	CGGACAGC	1
TCCAAGTCGAGAAGGA	ENSG00000225630.1	CAGGTAGA	1
TCCAAGTCGAGAAGGA	ENSG00000225630.1	CATAGAAC	2
TCCAAGTCGAGAAGGA	ENSG00000225630.1	AAAACCCT	1
TCCAAGTCGAGAAGGA	ENSG00000225630.1	GTACAGAT	2
TCCAAGTCGAGAAGGA	ENSG00000225630.1	GCATGGAC	3
TCCAAGTCGAGAAGGA	ENSG00000225630.1	GCCGCGTA	1
TCCAAGTCGAGAAGGA	ENSG00000225630.1	CGATACCT	2
TCCAAGTCGAGAAGGA	ENSG00000225630.1	CAGGCCTA	1
TCCAAGTCGAGAAGGA	ENSG00000225630.1	CGCGGGGA	1
TCCAAGTCGAGAAGGA	ENSG00000225630.1	TTGGGGCT	1
TCCAAGTCGAGAAGGA	ENSG00000225630.1	GCACATAC	1
TCCAAGTCGAGAAGGA	ENSG00000225630.1	TCAATCGG	1
TCCAAGTCGAGAAGGA	ENSG00000225630.1	GACACTCA	1
TCCAAGTCGAGAAGGA	ENSG00000225630.1	ACAACATT	1
TCCAAGTCGAGAAGGA	ENSG00000225630.1	GTGCTTAG	3
TCCAAGTCGAGAAGGA	ENSG00000225630.1	CGAGGAGC	1
TCCAAGTCGAGAAGGA	ENSG00000225630.1	TTGCAGGG	1
TCCAAGTCGAGAAGGA	ENSG00000225630.1	CTAGCTCC	2
TCCAAGTCGAGAAGGA	ENSG00000225630.1	CATTCCCA	1
TCCAAGTCGAGAAGGA	ENSG00000225630.1	GAGGGCTG	1
TCCAAGTCGAGAAGGA	ENSG00000225630.1	CATTAAGC	1
TCCAAGTCGAGAAGGA	ENSG00000225630.1	TCTAATCG	1
TCCAAGTCGAGAAGGA	ENSG00000225630.1	GCGGGGGT	1
TCCAAGTCGAGAAGGA	ENSG00000225630.1	ATGTAACG	1
TCCAAGTCGAGAAGGA	ENSG00000225630.1	TAAGTAAA	1
TCCAAGTCGAGAAGGA	ENSG00000225630.1	GATCATCC	1
TCCAAGTCGAGAAGGA	ENSG00000225630.1	CAGCGAAC	1
TCCAAGTCGAGAAGGA	ENSG00000225630.1	TGGTAATG	1
TCCAAGTCGAGAAGGA	ENSG00000225630.1	TACAACAT	1
TCCAAGTCGAGAAGGA	ENSG00000225630.1	TTATGCTG	1
TCCAAGTCGAGAAGGA	ENSG00000225630.1	GGTAAACG	1
TCCAAGTCGAGAAGGA	ENSG00000225630.1	AAGGTCAT	1
TCCAAGTCGAGAAGGA	ENSG00000225630.1	CATAAAAG	1
TCCAAGTCGAGAAGGA	ENSG00000225630.1	CTTAACGT	1
TCCAAGTCGAGAAGGA	ENSG00000225630.1	AAGGTATC	1
TCCAAGTCGAGAAGGA	ENSG00000225630.1	GTGGATAA	1
TCCAAGTCGAGAAGGA	ENSG00000176022.7	CAGGGGTG	3
TCCAAGTCGAGAAGGA	ENSG00000176022.7	GAAATTTC	1
TCCAAGTCGAGAAGGA	ENSG00000171612.7	GTTATTCC	1
TCCAAGTCGAGAAGGA	ENSG00000287756.1	noUMI	1
TCCAAGTCGAGAAGGA	ENSG00000233954.6	CGTATGCT	1
TCCAAGTCGAGAAGGA	ENSG00000288398.1	noUMI	2
TCCAAGTCGAGAAGGA	ENSG00000090432.7	noUMI	3
TCCAAGTCGAGAAGGA	ENSG00000090432.7	AGACACGT	1
TCCAAGTCGAGAAGGA	ENSG00000090432.7	GCTCACCT	1
TCCAAGTCGAGAAGGA	ENSG00000179163.12	noUMI	2
TCCAAGTCGAGAAGGA	ENSG00000179163.12	TCAAACCC	1
TCCAAGTCGAGAAGGA	ENSG00000237934.1	noUMI	4
TCCAAGTCGAGAAGGA	ENSG00000175130.7	TCGGCGCG	1
TCCAAGTCGAGAAGGA	ENSG00000243749.1	CGAATGAT	1
TCCAAGTCGAGAAGGA	ENSG00000243749.1	noUMI	3
TCCAAGTCGAGAAGGA	ENSG00000116863.11	GCTATACG	1
TCCAAGTCGAGAAGGA	ENSG00000116863.11	noUMI	7
TCCAAGTCGAGAAGGA	ENSG00000116863.11	GCCTTACA	2
TCCAAGTCGAGAAGGA	ENSG00000116863.11	TGAGGGTA	1
TCCAAGTCGAGAAGGA	ENSG00000116863.11	GTAGCCCA	1
TCCAAGTCGAGAAGGA	ENSG00000117000.9	noUMI	2
TCCAAGTCGAGAAGGA	ENSG00000224751.2	noUMI	2
TCCAAGTCGAGAAGGA	ENSG00000169213.7	noUMI	3
TCCAAGTCGAGAAGGA	ENSG00000286429.1	GCATAACC	1
TCCAAGTCGAGAAGGA	ENSG00000066557.6	noUMI	10
TCCAAGTCGAGAAGGA	ENSG00000066557.6	GAGTAGTT	1
TCCAAGTCGAGAAGGA	ENSG00000271576.1	TTGTTGCC	1
TCCAAGTCGAGAAGGA	ENSG00000223896.2	noUMI	1
TCCAAGTCGAGAAGGA	ENSG00000137970.7	noUMI	2
TCCAAGTCGAGAAGGA	ENSG00000137970.7	CAGCTCTG	1
TCCAAGTCGAGAAGGA	ENSG00000137970.7	ATCGGTAG	1
TCCAAGTCGAGAAGGA	ENSG00000137970.7	TACGGCAC	1
TCCAAGTCGAGAAGGA	ENSG00000137970.7	TCGGGGGC	1
TCCAAGTCGAGAAGGA	ENSG00000137970.7	GGGTTTAC	1
TCCAAGTCGAGAAGGA	ENSG00000065135.12	TTAGGCCT	1
TCCAAGTCGAGAAGGA	ENSG00000065135.12	AACAGCCC	1
TCCAAGTCGAGAAGGA	ENSG00000065135.12	GTCGCCCG	1
TCCAAGTCGAGAAGGA	ENSG00000065135.12	noUMI	12
TCCAAGTCGAGAAGGA	ENSG00000065135.12	GTAGAGAC	1
TCCAAGTCGAGAAGGA	ENSG00000238198.2	noUMI	2
TCCAAGTCGAGAAGGA	ENSG00000213281.5	CAGGATAT	1
TCCAAGTCGAGAAGGA	ENSG00000213281.5	GCAGGATC	1
TCCAAGTCGAGAAGGA	ENSG00000213281.5	GCGGGATT	1
TCCAAGTCGAGAAGGA	ENSG00000213281.5	noUMI	3
TCCAAGTCGAGAAGGA	ENSG00000184260.6	CAAAGAGT	1
TCCAAGTCGAGAAGGA	ENSG00000184260.6	TCGTATTG	2
TCCAAGTCGAGAAGGA	ENSG00000184260.6	GACTTCAG	1
TCCAAGTCGAGAAGGA	ENSG00000184260.6	CGGTCACC	1
CAACCTCAGGCGTTAA	ENSG00000225630.1	noUMI	8
CAACCTCAGGCGTTAA	ENSG00000225630.1	GTGGGAAC	1
CAACCTCAGGCGTTAA	ENSG00000225630.1	ATGTCGAT	1
CAACCTCAGGCGTTAA	ENSG00000225630.1	AAGGCTTA	1
CAACCTCAGGCGTTAA	ENSG00000225630.1	GCCAATGG	1
CAACCTCAGGCGTTAA	ENSG00000225630.1	GCACGTTT	1
CAACCTCAGGCGTTAA	ENSG00000225630.1	ACCCAAAA	1
CAACCTCAGGCGTTAA	ENSG00000225630.1	AAAGCAGT	1
CAACCTCAGGCGTTAA	ENSG00000225630.1	GCGACGAC	1
CAACCTCAGGCGTTAA	ENSG00000225630.1	ACGTGTGG	1
CAACCTCAGGCGTTAA	ENSG00000225630.1	TAACTCGA	2
CAACCTCAGGCGTTAA	ENSG00000225630.1	CGTCAGAA	1
CAACCTCAGGCGTTAA	ENSG00000225630.1	GACATAAC	2
CAACCTCAGGCGTTAA	ENSG00000225630.1	GATGTACG	2
CAACCTCAGGCGTTAA	ENSG00000225630.1	TTTGCGTC	1
CAACCTCAGGCGTTAA	ENSG00000225630.1	AGGTGAAC	1
CAACCTCAGGCGTTAA	ENSG00000225630.1	GCATCGAC	1
CAACCTCAGGCGTTAA	ENSG00000225630.1	ACCACATC	1
CAACCTCAGGCGTTAA	ENSG00000225630.1	CAATGACA	1
CAACCTCAGGCGTTAA	ENSG00000225630.1	GAGGCTCC	1
CAACCTCAGGCGTTAA	ENSG00000225630.1	GTCGAGAA	1
CAACCTCAGGCGTTAA	ENSG00000225630.1	CCTCATCC	1
CAACCTCAGGCGTTAA	ENSG00000225630.1	CATCGCTG	1
CAACCTCAGGCGTTAA	ENSG00000225630.1	GTCTATCC	1
CAACCTCAGGCGTTAA	ENSG00000225630.1	TGGCTAAT	3
CAACCTCAGGCGTTAA	ENSG00000225630.1	TAGTAGAA	1
CAACCTCAGGCGTTAA	ENSG00000225630.1	TGAAACCA	1
CAACCTCAGGCGTTAA	ENSG00000225630.1	TGAGGAGG	1
CAACCTCAGGCGTTAA	ENSG00000225630.1	GACTCAGG	1
CAACCTCAGGCGTTAA	ENSG00000225630.1	AATGATGC	1
CAACCTCAGGCGTTAA	ENSG00000225630.1	CGAAGAGT	1
CAACCTCAGGCGTTAA	ENSG00000198744.5	TAAGGTCG	1
CAACCTCAGGCGTTAA	ENSG00000228594.4	CTTCGCGC	1
CAACCTCAGGCGTTAA	ENSG00000270035.1	TAGGTGGG	1
CAACCTCAGGCGTTAA	ENSG00000233954.6	CTGATCAC	1
CAACCTCAGGCGTTAA	ENSG00000090432.7	noUMI	7
CAACCTCAGGCGTTAA	ENSG00000179163.12	noUMI	1
CAACCTCAGGCGTTAA	ENSG00000116863.11	noUMI	5
CAACCTCAGGCGTTAA	ENSG00000117000.9	noUMI	1
CAACCTCAGGCGTTAA	ENSG00000162396.6	noUMI	1
CAACCTCAGGCGTTAA	ENSG00000162396.6	TGCCTGCT	1
CAACCTCAGGCGTTAA	ENSG00000116704.8	noUMI	3
CAACCTCAGGCGTTAA	ENSG00000066557.6	noUMI	8
CAACCTCAGGCGTTAA	ENSG00000226415.1	noUMI	1
CAACCTCAGGCGTTAA	ENSG00000223896.2	noUMI	5
CAACCTCAGGCGTTAA	ENSG00000260464.1	noUMI	1
CAACCTCAGGCGTTAA	ENSG00000137970.7	noUMI	3
CAACCTCAGGCGTTAA	ENSG00000137970.7	AATCACGG	1
CAACCTCAGGCGTTAA	ENSG00000137970.7	GGACTATT	1
CAACCTCAGGCGTTAA	ENSG00000137970.7	TAAACGTG	1
CAACCTCAGGCGTTAA	ENSG00000065135.12	noUMI	34
CAACCTCAGGCGTTAA	ENSG00000065135.12	TTTACTGG	1
CAACCTCAGGCGTTAA	ENSG00000065135.12	GTAAGTTA	2
CAACCTCAGGCGTTAA	ENSG00000065135.12	AAGGTCCA	1
CAACCTCAGGCGTTAA	ENSG00000065135.12	AGGACGAG	1
CAACCTCAGGCGTTAA	ENSG00000065135.12	GCAAACAC	1
CAACCTCAGGCGTTAA	ENSG00000201028.1	noUMI	2
CAACCTCAGGCGTTAA	ENSG00000213281.5	TAGATCCC	1
CAACCTCAGGCGTTAA	ENSG00000213281.5	noUMI	12
CAACCTCAGGCGTTAA	ENSG00000286019.1	noUMI	1
CAACCTCAGGCGTTAA	ENSG00000163344.6	noUMI	1
CAACCTCAGGCGTTAA	ENSG00000163344.6	GGTCAGCT	1
CAACCTCAGGCGTTAA	ENSG00000236675.1	noUMI	1
CAACCTCAGGCGTTAA	ENSG00000162783.11	noUMI	1
CAACCTCAGGCGTTAA	ENSG00000158615.9	noUMI	4
CAACCTCAGGCGTTAA	ENSG00000277007.1	noUMI	1
CAACCTCAGGCGTTAA	ENSG00000218283.2	AAGGGTCC	1
CAACCTCAGGCGTTAA	ENSG00000218283.2	noUMI	3
CAACCTCAGGCGTTAA	ENSG00000143751.10	noUMI	15
CAACCTCAGGCGTTAA	ENSG00000228625.1	TCCAGGCT	1
CAACCTCAGGCGTTAA	ENSG00000116574.6	noUMI	2
CAACCTCAGGCGTTAA	ENSG00000143653.10	noUMI	1
CAACCTCAGGCGTTAA	ENSG00000259865.1	noUMI	8
TGACCAAGCCAATCCT	ENSG00000279457.4	noUMI	3
TGACCAAGCCAATCCT	ENSG00000225630.1	noUMI	34
TGACCAAGCCAATCCT	ENSG00000225630.1	GGAAACAT	1
TGACCAAGCCAATCCT	ENSG00000225630.1	ATCGGTCC	1
TGACCAAGCCAATCCT	ENSG00000225630.1	CAGACACC	1
TGACCAAGCCAATCCT	ENSG00000225630.1	TCAGTACG	1
TGACCAAGCCAATCCT	ENSG00000225630.1	CTAGCACG	2
TGACCAAGCCAATCCT	ENSG00000225630.1	GTGTAATG	1
TGACCAAGCCAATCCT	ENSG00000225630.1	CATGTTGA	1
TGACCAAGCCAATCCT	ENSG00000225630.1	CCAGACAT	1
TGACCAAGCCAATCCT	ENSG00000225630.1	TCACGGTG	1
TGACCAAGCCAATCCT	ENSG00000225630.1	GACACAAA	1
TGACCAAGCCAATCCT	ENSG00000225630.1	CACGGCAC	1
TGACCAAGCCAATCCT	ENSG00000225630.1	GCCACTAA	1
TGACCAAGCCAATCCT	ENSG00000225630.1	ACGGACCA	1
TGACCAAGCCAATCCT	ENSG00000225630.1	GTACGTAC	1
TGACCAAGCCAATCCT	ENSG00000225630.1	AACGCCTC	1
TGACCAAGCCAATCCT	ENSG00000225630.1	ACGTATGA	1
TGACCAAGCCAATCCT	ENSG00000225630.1	GAAACCCG	1
TGACCAAGCCAATCCT	ENSG00000225630.1	GGGCGAGT	1
TGACCAAGCCAATCCT	ENSG00000225630.1	GCGCGCTT	1
TGACCAAGCCAATCCT	ENSG00000225630.1	AAAATGAC	1
TGACCAAGCCAATCCT	ENSG00000225630.1	TACACAAA	1
TGACCAAGCCAATCCT	ENSG00000225630.1	CATAGACA	1
TGACCAAGCCAATCCT	ENSG00000225630.1	GCGGTGCA	1
TGACCAAGCCAATCCT	ENSG00000225630.1	ATAATATA	2
TGACCAAGCCAATCCT	ENSG00000225630.1	GGCATAGG	1
TGACCAAGCCAATCCT	ENSG00000225630.1	GCCAAGGA	1
TGACCAAGCCAATCCT	ENSG00000225630.1	TGCTCTTA	1
TGACCAAGCCAATCCT	ENSG00000225630.1	GTCTGTCA	1
TGACCAAGCCAATCCT	ENSG00000225630.1	GACAGTCC	1
TGACCAAGCCAATCCT	ENSG00000225630.1	GGCCTAGC	1
TGACCAAGCCAATCCT	ENSG00000225630.1	TCCCACTA	1
TGACCAAGCCAATCCT	ENSG00000225630.1	AACTGACA	1
TGACCAAGCCAATCCT	ENSG00000225630.1	GCAATAGT	1
TGACCAAGCCAATCCT	ENSG00000225630.1	TCTTAGCA	1
TGACCAAGCCAATCCT	ENSG00000225630.1	CCATCCTA	1
TGACCAAGCCAATCCT	ENSG00000225630.1	TAGTAGGG	1
TGACCAAGCCAATCCT	ENSG00000225630.1	TCCGTGAA	1
TGACCAAGCCAATCCT	ENSG00000225630.1	ACGCCCGC	2
TGACCAAGCCAATCCT	ENSG00000225630.1	TCACGAAG	1
TGACCAAGCCAATCCT	ENSG00000225630.1	GGCGGACA	1
TGACCAAGCCAATCCT	ENSG00000225630.1	CGAATTGA	1
TGACCAAGCCAATCCT	ENSG00000225630.1	GAGGAATA	1
TGACCAAGCCAATCCT	ENSG00000225630.1	AATGAACT	1
TGACCAAGCCAATCCT	ENSG00000225630.1	AAGAGGCT	1
TGACCAAGCCAATCCT	ENSG00000225630.1	GGCGTCTA	1
TGACCAAGCCAATCCT	ENSG00000225630.1	ACCAATGG	1
TGACCAAGCCAATCCT	ENSG00000225630.1	AAACTATG	1
TGACCAAGCCAATCCT	ENSG00000225630.1	AGGTGCGA	1
TGACCAAGCCAATCCT	ENSG00000225630.1	GTCGCCTC	2
TGACCAAGCCAATCCT	ENSG00000225630.1	GCATACCC	1
TGACCAAGCCAATCCT	ENSG00000225630.1	CGCGTGTA	1
TGACCAAGCCAATCCT	ENSG00000176022.7	noUMI	2
TGACCAAGCCAATCCT	ENSG00000171612.7	GTTGTCAT	1
TGACCAAGCCAATCCT	ENSG00000171612.7	noUMI	9
TGACCAAGCCAATCCT	ENSG00000271264.1	noUMI	2
TGACCAAGCCAATCCT	ENSG00000288398.1	noUMI	12
TGACCAAGCCAATCCT	ENSG00000090432.7	noUMI	7
TGACCAAGCCAATCCT	ENSG00000090432.7	GTGAAGTA	2
TGACCAAGCCAATCCT	ENSG00000179163.12	noUMI	9
TGACCAAGCCAATCCT	ENSG00000179163.12	GTCTGAGG	2
TGACCAAGCCAATCCT	ENSG00000270605.1	noUMI	2
TGACCAAGCCAATCCT	ENSG00000175130.7	noUMI	7
TGACCAAGCCAATCCT	ENSG00000175130.7	AGTCTGGG	1
TGACCAAGCCAATCCT	ENSG00000175130.7	TGTCATAG	1
TGACCAAGCCAATCCT	ENSG00000243749.1	noUMI	2
TGACCAAGCCAATCCT	ENSG00000236274.1	noUMI	5
TGACCAAGCCAATCCT	ENSG00000116863.11	noUMI	5
TGACCAAGCCAATCCT	ENSG00000116981.4	noUMI	2
TGACCAAGCCAATCCT	ENSG00000117000.9	noUMI	4
TGACCAAGCCAATCCT	ENSG00000117000.9	GGTAGGTA	3
TGACCAAGCCAATCCT	ENSG00000259943.1	noUMI	2
TGACCAAGCCAATCCT	ENSG00000238287.1	noUMI	1
TGACCAAGCCAATCCT	ENSG00000234694.1	AGGGGGAT	1
TGACCAAGCCAATCCT	ENSG00000207194.1	noUMI	1
TGACCAAGCCAATCCT	ENSG00000169213.7	noUMI	1
TGACCAAGCCAATCCT	ENSG00000162396.6	noUMI	5
